[{
  "_id": {
    "$oid": "684dbc9182c73fdf7136d93b"
  },
  "nombre": "Matemática IV",
  "descripcion": "Curso avanzado de matemáticas con aplicaciones en programación y resolución de problemas en Python."
},
{
  "_id": {
    "$oid": "684dbc9182c73fdf7136d93c"
  },
  "nombre": "Bases de Datos II",
  "descripcion": "Curso sobre diseño, implementación y optimización de bases de datos relacionales y NoSQL."
},
{
  "_id": {
    "$oid": "684dbc9182c73fdf7136d93d"
  },
  "nombre": "Sistemas Distribuidos",
  "descripcion": "Introducción a los principios y arquitecturas de sistemas distribuidos con aplicaciones en inteligencia artificial."
}]